pdb_file	chain	units	insertion
/pdb_str/5cwb	A	1_50,51_100,101_150,151_200
/pdb_str/5cwd	A	1_42,43_84,85_126,127_168	
/pdb_str/5cwm	A	1_57,58_114,115_171,172_227	
/pdb_str/5cwq	A	1_57,58_114,115_171,172_228	
/pdb_str/5cwp	A	1_56,57_112,113_168,169_224	
/pdb_dir/5cwo	A	1_55,56_110,111_165,166_220	
/pdb_dir/5cwi	A	1_60,61_120,121_180,181_234	
/pdb_dir/5cwc	A	3_50,51_100,101_150,151_198
/pdb_dir/5cwf	A	1_45,46_90,91_135,136_178	
/pdb_dir/5cwg	A	2_50,51_100,101_150,151_196	
/pdb_dir/5cwl	A	2_43,44_86,87_129,130_172	
/pdb_dir/5cwn	A	1_50,51_100,101_150,151_200	
/pdb_str/5cwk	A	2_43,86_129,44_85,130_171	
/pdb_str/5cwh	A	2_41,42_81,82_121,122_160	
/pdb_str/5cwj	A	2_41,42_81,82_121,122_161	
