pdb_id	chain
4r58	A
4r58	B
4r58	C
4r58	D
4r5c	A
4r5d	A
4r6f	A
4r6g	A
4r6j	A
4r6j	B
4r6j	C
4r6j	D
4atz	D
4atz	E
4atz	F
2bkg	A
2bkg	B
2bkk	B
2bkk	D
5cwh	A
5cwj	A
5cwk	A
4db6	A
4db8	A
4db9	A
4db9	B
4db9	C
4db9	D
4db9	E
4db9	F
4drx	E
4drx	F
4dui	A
4dx5	D
4dx5	E
4dx6	D
4dx6	E
4dx7	D
4dx7	E
4f6r	D
2fo7	A
4gmr	A
4gmr	B
4gpm	A
4gpm	B
4hb5	A
4hb5	B
3hg0	D
4hqd	A
4hqd	B
2hyz	A
5i9g	C
4j7w	A
4j7w	B
2j8s	D
2j8s	E
4j8y	A
4jb8	P
3kd7	C
3ltj	A
3ltm	A
3ltm	B
1mj0	A
1na0	A
1na0	B
3noc	D
3noc	E
3nog	D
3nog	E
2p2c	P
2p2c	Q
2p2c	R
2p2c	S
2p2c	T
2p2c	U
3q9n	C
3q9n	D
3q9u	C
3q9u	D
2qyj	A
4rv1	A
4rv1	B
4rv1	C
4rv1	D
4rv1	E
4rv1	F
1svx	A
4u8v	D
4u8v	E
4u8y	D
4u8y	E
4u95	D
4u95	E
4u96	D
4u96	E
2v4h	C
2v5q	C
2v5q	D
6w2v	A
4wn4	B
4wsl	A
2xee	A
2xee	B
2xee	C
2xee	D
2xeh	A
2xeh	B
2xeh	C
4xl5	C
2y0b	G
2y0b	H
2y1l	F
4ydw	A
4ydw	B
4ydy	A
4ydy	B
3zu7	B
4iwt	A
4iwt	B
5bvl	A
6wvs	A
3ww8	B
3ww9	A
3wwa	A
1mey	C
3pg0	A
3q7y	A
5xg5	A
5byo	A
5byo	B
4yxx	A
4yxz	A

